"Facebook Group","Reviewer","Date","Comments","Exported on: 24-Nov-2024","","","","","","",""
"Digital Nomads in Cyprus","XXX","22-Nov-2024","Nothing of note","","","","","","","",""
"Digital Nomads in Cyprus","XXX","22-Nov-2024","Nothing of note","","","","","","","",""
"Digital Nomads in Cyprus","XXX","22-Oct-2024","Nothing of note","","","","","","","",""
"Digital Nomads in Cyprus","XXX","22-Nov-2024","Nothing of note","","","","","","","",""
"Digital Nomads in Cyprus","XXX","23-Nov-2022","Hello","","","","","","","",""
"Digital Nomads in Cyprus","XXX","01-Dec-2024","","","","","","","","",""
"Digital Nomads in Cyprus","XXX","31-Dec-2024","gg","","","","","","","",""
"Digital Nomads in Cyprus","XXX","31-Aug-2024","","","","","","","","",""
"Digital Nomads in Cyprus","XXX","22-Nov-2024","","","","","","","","",""
